Acc_Magnitude,Gyro_Magnitude
1.2268771969347727,0.33742296137814604
1.15099800879415,0.39895709713619565
1.588756169654958,0.24016427711768057
0.990615880398201,0.32096564085808027
1.7612681476222882,0.3429855338176418
1.758042045021934,0.18886747570944457
1.7944358796426774,0.24467483003128768
0.9772490736422782,0.3134133368580306
1.707862071319284,0.21794314350424107
1.2227212140585582,0.25048508488194926
1.674841167924014,0.41071718692464765
1.7913282260970602,0.31412422148100394
1.125573824130664,0.3065866823664991
1.9703387323111599,0.4488051850285848
1.2098241400056533,0.2213952453665608
1.7416664748128057,0.291229365834264
1.5491502667251513,0.3703740634829244
1.2654519561473327,0.28904482549591937
1.819729157482798,0.2760677428336827
1.5694107828157182,0.2794497767165112
1.2975486103904514,0.2808483574515153
1.9074062237026947,0.5491346600585617
1.5187164862780582,0.28146711951643627
1.0937219517318173,0.2365457789840303
1.2344679754076426,0.24487531822420458
