Acc_Magnitude,Gyro_Magnitude
2.0102108454392384,0.5938668140775644
1.2788905393006027,0.3532810428530742
1.1722691890125663,0.5097732554076558
1.2131947975908675,0.5671479088738982
0.9497484454597145,0.3681948846418371
1.4195645027711992,0.37229865696288084
1.4456558586439976,0.331334730723836
1.3425146930519274,0.35635176482446757
1.4627436162361767,0.30660070643716614
1.4115439994372496,0.4761221114253908
1.6155728636153457,0.47765074941612634
1.4090850514123152,0.44330908557380866
1.0047312759073512,0.5299762630726266
1.6493432737600797,0.6864838694943362
1.2564802999893463,0.40203280755570264
2.0344212889411826,0.31904131823832466
1.322697702144592,0.32319486963310906
1.2750556022131518,0.3042804076314674
2.0657607532934463,0.5299309632975663
2.67073610233901,0.7540907938812028
1.247438616407533,0.768011698453991
1.2654308849821112,0.26663589437706253
