Acc_Magnitude,Gyro_Magnitude
1.2268771969347727,0.538949550562622
1.15099800879415,0.4166672162744259
1.588756169654958,0.3804090394334261
0.990615880398201,0.31719661371496194
1.7612681476222882,0.34769871978689687
1.758042045021934,0.2048344610737494
1.7944358796426774,0.3005515501473427
0.9772490736422782,0.35030337337846607
1.707862071319284,0.33261099492461876
1.2227212140585582,0.316093858266837
1.674841167924014,0.4471377374716838
1.7913282260970602,0.3970762785635496
1.125573824130664,0.30991126351183107
1.9703387323111599,0.5233296391932799
1.2098241400056533,0.3341132774827343
1.7416664748128057,0.3013831404488508
1.5491502667251513,0.6892819020503301
1.2654519561473327,0.3482832640813701
1.819729157482798,0.45296463373734996
1.5694107828157182,0.3832231186154855
1.2975486103904514,0.3779152245801073
1.9074062237026947,0.5585880751460948
1.5187164862780582,0.40403714316159656
1.0937219517318173,0.24702953545150347
1.2344679754076426,0.41190444337817167
