Acc_Magnitude,Gyro_Magnitude
1.8023609030833796,0.3916705529645865
1.039857989539437,0.33313979574435537
1.4751332247326827,0.47931290396298654
1.8886280551941994,0.651042543545891
1.0854493215446803,0.392094052651116
1.0455979080167959,0.43653946079755573
1.552833046408065,0.3106274275258209
1.793661995794377,0.8157711960908138
1.5019227328600802,0.49522460086853204
2.5125820426219967,0.3926419372135398
0.7149771274259508,0.36508906622984155
1.4240089009212447,0.5129027278493646
0.9352525026535594,0.30366557266266747
2.368025660741487,0.5019990609764999
1.5186363933696378,0.41421792365524596
2.222086608724142,1.4781525590807785
1.171317674159182,0.31572252213662766
2.3445425345484607,0.5075051522842237
1.8235172488193891,0.3101663289742202
1.8689445476714792,0.4800453768906161
