Acc_Magnitude,Gyro_Magnitude
8.801056667202001,0.03812247347532889
8.813059229213676,0.03702665025592105
8.82078801977552,0.03579216714238759
8.808512249002007,0.03370761883601704
8.798634940485215,0.03486637828922816
