Acc_Magnitude,Gyro_Magnitude
10.115612133234153,0.6182547815212305
10.16180966515405,0.8252385332025268
10.021646064295219,0.8729861967025933
10.6478929902207,1.160490370242068
10.243957232713717,0.5117887725962197
10.2245118879632,0.9387687064088351
10.265728528847047,0.6108807231576476
10.149787758134982,1.0622698836518074
10.192438679280027,0.6390738421029389
10.695631633856594,0.9936263877331704
9.989414089930762,0.42073407853435985
10.215109662003501,0.7714462476441869
10.073962936163449,0.5934032595698703
10.908215443969977,0.6943707308372699
10.214409133070353,0.7465136763769381
9.604147491046438,1.0874928066623533
10.351293022892785,0.5299803580809036
10.66682109550202,0.7663940920130459
10.099230953577981,0.6008316383031186
9.8505162229811,0.6711658634137925
