Acc_Magnitude,Gyro_Magnitude
10.595971350773835,0.6389639842143848
10.10772063272699,0.8977452409306265
10.193614305956073,0.5793543055881999
10.028183342837254,0.5935778590590751
10.094265667413541,0.43707727778940053
10.171696065437684,0.47333428149118373
10.127904054104368,0.5334216198820598
9.481268762442983,0.8240639152128657
10.415007235024673,0.7045528305194099
10.31943832298101,0.7699009888583952
10.031035973460552,0.733330559260224
10.07785231898943,0.7276391518675551
10.028484468037334,0.5995420273409091
10.267104865261786,0.7601059239751918
10.047466352536647,0.6166769978925246
10.214148097181805,0.5944938309502987
10.026603582610878,0.5602282960740473
9.856025111432121,0.5936161312184213
10.36327153988911,0.5325834685308165
9.396424005628536,0.7779551049973509
10.04455791818347,0.7589213577678233
9.913276570521196,0.7804842677229069
