Acc_Magnitude,Gyro_Magnitude
10.042545536569172,0.8118103404074636
10.181358619793093,0.6420054664889411
10.25994851730867,0.5603984106539196
10.063494166159984,0.6018213911917646
10.490604949732868,0.6426431321910879
10.265316148244347,0.6088900871075716
10.29398691221859,0.41931525019474686
10.067250466977612,0.6481516861513825
10.509151250330625,0.7220900685645274
10.166645266614667,0.6858037188352343
10.35040868394795,0.7808610415477629
10.478616017424663,0.6964607492508268
10.308513859685908,0.7457731776144382
10.369189019781516,0.6144121679828294
10.410461269651261,0.6791356288011561
10.391988486224001,0.6229979342213379
10.183206660364817,0.7069239819286585
10.366165922054822,0.7474197055629218
10.307099821992272,0.6562170585578128
10.575771672796725,0.6991666235408787
10.284332246841739,0.6077740151095089
10.554519477357946,0.7977934466060395
10.18556594166569,0.7945299511382261
10.288023820903602,0.5510804733870688
10.201073288132319,0.5614033071594979
