Acc_Magnitude,Gyro_Magnitude
10.042545536569172,1.0530516716437952
10.181358619793093,0.7452980626277289
10.25994851730867,0.7587992917780358
10.063494166159984,0.6978494735241335
10.490604949732868,0.7573849045067174
10.265316148244347,0.7056061134368935
10.29398691221859,0.49876933345027086
10.067250466977612,0.7608208572498233
10.509151250330625,0.8837148470999594
10.166645266614667,0.8545714488843238
10.35040868394795,0.9192623786566361
10.478616017424663,0.8041735304451691
10.308513859685908,0.8152206295426617
10.369189019781516,0.7875813288114291
10.410461269651261,0.8381549756990624
10.391988486224001,0.7296097055798457
10.183206660364817,0.9133880676938401
10.366165922054822,0.8851434065148831
10.307099821992272,0.794175571191687
10.575771672796725,0.8449442024583913
10.284332246841739,0.7602026555433727
10.554519477357946,0.8922671898881759
10.18556594166569,1.0104340921023802
10.288023820903602,0.6176714186148167
10.201073288132319,0.7367535188629669
